R,G,B,Label
177,189,160,green
121,21,174,purple
186,192,36,yellow
237,197,76,orange
214,69,247,purple
1,1,1,black
246,255,193,yellow
153,172,160,grey
5,74,13,red
23,19,26,black
219,38,141,purple
43,41,74,blue
76,95,162,blue
242,233,255,blue
202,98,182,purple
214,107,50,orange
1,19,76,blue
216,222,212,grey
170,190,10,green
146,168,108,green
27,22,8,black
47,48,48,black
63,68,108,blue
9,5,8,black
21,14,28,black
35,84,92,green
112,221,61,green
65,69,159,blue
233,232,145,yellow
221,161,246,purple
90,185,180,blue
195,144,231,purple
64,61,2,brown
181,192,194,grey
35,32,7,black
176,43,238,purple
199,152,203,purple
91,160,222,blue
133,129,156,purple
178,253,6,green
206,179,96,orange
33,10,221,blue
131,37,45,red
132,75,185,purple
82,252,46,red
101,207,21,green
106,121,19,green
20,26,4,black
228,41,76,red
145,15,218,purple
245,230,71,yellow
34,142,35,green
67,173,221,blue
110,34,75,purple
186,222,143,green
61,141,120,green
43,35,46,blue
136,231,217,blue
2,52,14,green
8,28,28,black
222,232,205,green
26,183,218,blue
75,189,194,blue
68,95,67,green
120,117,248,purple
152,192,55,green
164,142,147,grey
120,118,119,grey
94,88,88,grey
223,160,131,orange
74,80,68,brown
141,186,176,green
255,181,51,yellow
209,240,220,white
27,100,175,blue
45,44,47,black
205,215,194,white
74,35,38,red
197,255,125,green
246,7,152,purple
216,189,160,orange
60,41,210,blue
120,24,42,red
139,123,156,purple
210,204,219,purple
34,68,231,blue
130,157,23,green
61,185,255,blue
69,2,10,red
137,128,140,grey
136,186,168,green
24,122,244,blue
30,31,7,black
198,209,203,white
49,42,15,black
18,23,23,black
200,231,128,green
62,98,190,blue
33,49,8,green
226,132,232,purple
42,56,62,black
83,81,83,grey
165,169,172,grey
222,192,171,orange
139,155,229,blue
152,253,80,green
180,229,231,blue
47,109,112,blue
20,252,255,blue
60,37,9,brown
46,30,66,purple
86,139,75,green
13,102,6,green
112,144,249,blue
68,29,117,purple
91,92,82,grey
110,152,67,green
22,11,10,black
111,235,182,green
251,150,191,red
209,62,132,red
43,41,44,black
93,85,222,blue
164,165,173,grey
31,37,21,black
14,13,9,black
140,39,224,purple
170,44,76,red
191,109,190,red
103,104,129,grey
193,36,223,purple
26,24,23,black
48,165,196,blue
41,60,26,black
169,4,127,purple
73,120,171,blue
52,192,191,green
180,238,171,green
96,240,111,green
38,35,66,blue
42,68,103,green
98,67,107,purple
155,61,3,red
222,145,246,red
216,213,222,grey
168,248,0,green
157,89,121,purple
79,107,32,green
53,85,89,purple
90,97,74,green
250,247,242,white
48,80,142,blue
42,128,214,blue
63,95,148,blue
201,221,200,green
0,59,4,green
16,127,235,blue
19,30,25,black
252,146,167,red
3,4,5,black
39,44,40,black
65,100,113,blue
239,10,232,red
93,67,8,brown
254,46,176,red
204,150,137,red
173,117,95,brown
116,196,111,green
40,105,97,green
117,236,218,blue
3,27,2,black
128,246,147,green
249,98,247,red
44,5,51,black
197,179,203,red
167,212,144,green
123,237,150,green
129,79,40,brown
161,153,240,purple
76,90,97,black
78,121,177,blue
65,90,55,green
230,232,174,yellow
37,96,131,red
8,115,230,blue
134,95,161,purple
12,15,10,black
139,111,216,purple
127,166,20,green
99,217,251,blue
227,209,238,purple
36,17,243,blue
137,245,187,green
203,74,148,red
210,102,27,orange
107,126,116,grey
234,219,185,grey
60,135,208,blue
103,53,98,purple
6,79,133,blue
2,14,7,black
91,159,129,green
146,122,134,purple
96,142,83,green
201,140,222,purple
249,255,242,white
171,106,48,brown
31,17,17,black
58,19,43,purple
208,188,173,grey
172,173,130,green
161,245,104,green
95,73,196,blue
105,213,64,green
134,250,131,green
86,52,95,purple
205,145,181,purple
102,136,86,green
10,18,9,black
47,175,162,blue
217,246,232,blue
178,131,85,brown
127,66,1,brown
43,41,63,blue
163,44,66,red
125,135,111,grey
161,132,157,purple
74,31,28,brown
210,118,67,orange
215,177,204,purple
202,82,201,purple
190,142,41,brown
109,163,121,green
141,20,65,purple
50,3,28,purple
138,127,124,grey
186,154,168,purple
5,6,5,black
70,3,14,red
111,49,119,purple
2,20,151,blue
57,165,248,blue
110,171,162,blue
61,2,64,purple
57,58,62,grey
183,255,180,green
1,239,113,green
195,255,77,yellow
99,170,85,green
67,41,68,purple
2,171,2,green
254,74,68,red
117,75,64,grey
60,30,69,purple
101,208,184,blue
188,148,249,purple
215,237,181,green
79,249,249,blue
46,247,49,green
217,217,216,grey
111,131,255,blue
254,176,111,orange
36,141,52,green
63,168,248,blue
225,157,127,brown
229,68,168,purple
170,223,237,blue
247,247,247,grey
116,90,95,grey
81,83,122,blue
163,152,139,grey
219,40,168,purple
240,247,233,grey
131,121,158,blue
23,48,22,green
83,51,57,grey
94,247,132,green
116,251,12,green
246,93,190,purple
135,151,116,grey
240,23,188,purple
239,247,251,grey
114,233,2,green
192,223,255,blue
29,203,182,red
236,247,3,yellow
35,22,13,black
29,19,12,black
86,233,70,green
210,233,236,grey
160,204,122,green
194,160,229,purple
21,21,20,black
106,241,142,green
248,89,149,red
185,73,252,purple
45,53,93,blue
54,124,15,green
176,0,107,red
210,78,12,orange
151,53,90,red
185,78,27,orange
15,131,130,green
70,53,40,brown
91,103,50,green
172,112,108,red
158,178,195,grey
239,247,242,white
84,136,227,blue
103,64,127,purple
96,131,235,blue
253,155,184,red
254,114,114,orange
230,59,191,purple
255,196,135,orange
141,109,153,purple
19,98,38,green
196,194,199,grey
107,168,85,green
87,97,97,grey
15,11,16,black
133,140,133,grey
218,245,242,blue
197,255,128,green
236,242,110,yellow
119,10,92,purple
200,244,198,green
149,203,104,green
116,60,9,brown
202,214,196,green
214,222,208,grey
0,182,182,blue
135,102,117,purple
29,37,88,blue
237,40,243,purple
238,40,200,purple
171,52,254,purple
168,104,217,purple
31,26,31,black
36,37,34,black
162,160,164,grey
19,13,15,black
176,121,154,blue
2,2,3,black
3,9,70,blue
215,100,30,orange
59,53,254,blue
56,52,55,grey
43,25,55,red
241,194,224,red
5,131,52,green
247,175,180,red
57,85,47,green
185,227,109,green
41,88,227,blue
25,92,70,green
199,51,225,purple
222,145,121,orange
143,245,78,green
19,171,249,blue
247,254,228,yellow
223,233,247,blue
255,152,193,red
7,6,10,black
77,95,73,green
42,37,35,grey
133,108,224,purple
74,82,75,grey
223,188,208,red
125,202,116,green
91,15,233,blue
185,207,40,yellow
203,102,76,red
235,227,222,white
164,5,36,red
74,96,170,blue
156,118,183,purple
17,26,16,black
91,226,75,green
41,233,48,green
183,236,243,blue
189,242,187,green
232,251,128,yellow
155,127,149,purple
114,244,224,blue
29,122,90,green
5,141,36,green
211,167,121,brown
16,14,11,black
90,87,78,grey
250,151,109,orange
127,22,157,purple
247,164,7,orange
155,71,166,purple
213,85,163,red
187,217,174,green
40,210,130,green
31,1,88,blue
241,245,135,yellow
49,50,112,blue
253,227,186,brown
159,185,238,blue
235,194,179,red
215,151,156,red
48,19,220,blue
88,20,98,purple
255,155,232,red
131,167,255,blue
191,203,223,grey
101,180,180,green
250,97,214,red
237,212,219,red
47,55,67,black
142,205,166,green
239,219,232,red
214,193,218,purple
105,169,255,red
239,255,251,white
209,252,120,green
217,218,219,grey
47,179,255,blue
156,89,87,brown
118,3,57,brown
32,44,15,green
233,245,225,white
164,160,163,grey
137,122,123,grey
238,160,237,purple
211,203,156,orange
236,230,230,white
58,63,55,green
5,65,19,green
130,132,125,grey
12,187,61,green
54,14,13,black
214,196,75,yellow
144,219,241,blue
247,149,50,orange
251,246,255,white
185,195,183,green
186,156,124,brown
152,251,172,green
46,71,31,green
255,97,4,orange
88,244,19,green
85,52,146,blue
203,255,96,yellow
101,255,251,blue
9,9,9,black
50,54,27,black
246,177,42,orange
119,143,146,grey
254,237,175,yellow
150,134,250,purple
44,148,222,blue
4,3,8,black
83,42,30,brown
92,120,85,green
14,18,15,black
47,14,49,brown
234,244,158,green
40,77,24,green
239,26,215,white
43,22,124,blue
11,10,9,green
194,227,191,green
26,57,3,green
239,26,215,purple
211,209,209,grey
166,155,145,grey
234,154,240,purple
21,4,22,black
23,28,2,black
171,188,240,blue
151,145,252,purple
227,236,167,green
159,159,114,grey
240,178,124,orange
46,13,86,blue
15,1,9,black
24,11,25,black
244,139,182,red
180,114,148,red
147,212,39,green
1,2,2,black
142,56,255,purple
23,23,22,red
14,3,2,red
46,46,45,red
169,205,248,red
213,254,249,red
31,3,19,black
208,212,223,grey
244,215,241,red
150,152,71,brown
14,150,67,green
122,98,136,purple
82,59,253,blue
203,223,217,grey
175,170,238,purple
168,178,177,grey
2,10,1,black
255,208,244,red
210,246,223,green
29,59,43,white
236,42,170,red
255,204,191,orange
126,145,85,green
134,216,187,blue
162,162,164,grey
254,55,64,red
210,228,216,green
165,54,206,purple
238,104,62,orange
229,230,229,grey
166,227,102,green
245,186,195,red
47,230,254,blue
145,255,192,green
251,252,246,white
210,148,161,purple
0,9,14,black
203,246,20,green
36,30,39,black
137,253,22,green
13,12,13,black
11,12,13,black
56,73,59,green
252,200,97,yellow
0,0,0,black
46,126,206,blue
56,42,64,brown
141,23,246,purple
169,211,39,green
79,208,30,green
192,178,246,purple
6,3,6,black
241,252,84,yellow
158,53,4,brown
129,197,255,blue
134,115,212,purple
254,252,231,yellow
44,24,54,black
25,79,197,blue
108,80,139,purple
171,149,96,brown
250,245,230,white
20,14,45,black
242,236,255,blue
220,216,232,purple
216,182,239,purple
208,211,167,yellow
208,58,187,red
9,14,22,black
22,21,36,black
2,2,2,black
100,142,108,green
179,26,166,red
166,183,253,blue
235,229,182,yellow
112,92,129,purple
10,3,18,black
3,250,5,green
251,64,146,red
50,129,74,green
48,139,172,blue
155,172,142,green
253,211,225,red
52,57,45,black
245,245,34,yellow
254,251,252,white
66,253,73,green
223,176,222,purple
47,32,42,black
254,242,248,white
108,141,135,green
51,54,61,black
68,104,52,green
248,224,155,yellow
23,8,170,blue
53,111,58,green
0,0,0,black
29,23,19,black
83,31,229,purple
119,73,54,brown
174,142,150,purple
139,117,125,purple
37,41,33,black
87,80,91,purple
58,39,125,purple
20,65,40,green
106,141,235,blue
0,4,8,black
141,228,96,green
203,224,250,blue
158,13,222,purple
142,133,230,blue
220,118,160,red
92,53,109,purple
53,3,236,blue
154,196,22,green
27,47,90,blue
181,240,126,green
61,73,62,green
229,221,228,purple
201,132,250,purple
4,0,0,black
166,157,124,grey
37,100,243,blue
173,208,62,green
86,88,240,purple
133,236,175,green
58,4,73,purple
119,69,123,purple
4,0,0,black
22,98,219,blue
41,42,42,black
213,209,239,purple
66,101,100,green
197,217,132,green
122,160,124,green
220,220,226,grey
45,157,201,blue
57,241,60,green
88,171,152,green
5,205,175,green
235,15,123,red
243,103,231,purple
183,182,177,grey
248,228,193,brown
132,145,255,blue
151,144,185,purple
114,80,98,purple
120,169,135,green
132,171,245,blue
224,20,186,purple
40,117,251,blue
58,44,63,black
203,15,160,purple
221,254,79,yellow
247,114,182,red
22,109,246,blue
211,201,209,grey
248,36,121,red
46,157,111,green
52,64,96,blue
183,178,93,green
67,85,96,blue
217,215,213,grey
14,4,13,black
197,253,100,green
178,200,180,green
200,164,118,brown
177,12,117,red
173,9,160,purple
181,123,167,purple
78,88,32,green
198,80,141,red
239,135,188,red
42,120,166,blue
55,211,76,green
51,14,3,brown
161,177,252,blue
114,198,161,green
19,26,28,black
99,102,68,green
249,156,7,orange
250,239,111,yellow
215,143,53,orange
250,250,238,white
104,46,54,red
146,233,218,blue
75,60,52,red
223,194,244,red
251,184,164,red
255,241,160,orange
12,77,11,orange
234,197,25,orange
38,105,188,blue
0,3,254,blue
111,231,7,blue
74,255,111,red
25,5,13,black
86,232,109,green
225,32,96,red
74,159,218,blue
255,209,234,red
116,113,126,grey
115,224,187,green
246,135,182,red
171,176,208,grey
167,72,209,purple
19,221,110,green
143,86,250,blue
236,122,108,orange
30,73,87,black
207,189,253,purple
250,231,217,white
148,141,10,brown
239,219,252,purple
149,251,40,green
44,30,241,blue
220,99,253,purple
63,226,237,blue
46,34,48,black
56,51,53,grey
18,44,18,black
5,104,21,green
137,36,135,purple
168,212,109,green
179,140,163,purple
30,44,60,blue
214,207,172,brown
75,90,99,blue
131,229,101,green
63,62,30,brown
129,249,238,blue
161,211,162,green
189,230,219,blue
227,122,51,orange
178,183,54,green
235,66,41,red
162,147,133,grey
255,110,240,purple
98,247,203,blue
121,99,136,purple
28,170,133,blue
209,81,169,purple
170,192,133,red
85,198,112,orange
83,179,229,blue
79,175,255,blue
4,3,8,black
141,109,208,purple
246,113,238,purple
230,205,209,red
255,93,234,purple
230,139,64,orange
137,157,153,grey
165,94,84,red
225,241,213,green
32,29,33,black
219,93,113,red
116,132,105,green
130,111,129,purple
64,40,102,black
251,253,31,yellow
238,250,215,green
210,207,217,grey
145,126,1,orange
171,195,198,grey
2,15,4,black
54,51,36,brown
78,83,89,grey
101,145,11,green
32,37,43,black
36,248,226,blue
48,47,185,blue
75,30,54,red
64,62,57,grey
188,189,187,grey
3,221,77,green
123,155,145,grey
230,252,239,green
26,200,177,green
10,18,26,black
104,109,61,brown
201,223,96,yellow
222,209,221,purple
19,24,25,black
197,0,155,purple
55,51,23,black
134,122,115,grey
135,254,14,green
255,146,148,red
220,47,164,red
62,72,49,black
50,145,14,green
6,37,41,black
255,12,91,red
71,77,246,blue
70,113,110,grey
244,159,172,red
4,3,3,black
33,210,254,blue
163,53,111,purple
39,143,175,blue
81,96,83,brown
18,28,9,black
20,191,185,blue
23,16,10,black
168,237,163,green
162,160,239,purple
83,207,101,green
6,5,5,black
128,137,36,brown
135,164,47,green
16,96,104,blue
102,32,168,purple
109,76,153,purple
208,171,255,purple
88,66,231,blue
195,174,209,purple
173,135,130,brown
33,24,32,black
113,41,81,purple
11,14,5,black
57,56,69,grey
65,110,12,green
239,226,255,purple
47,253,140,green
176,145,247,purple
0,0,0,black
50,96,38,green
28,38,24,black
209,202,236,purple
8,119,152,blue
168,203,95,green
251,225,197,yellow
250,250,250,white
221,33,95,red
80,233,252,blue
87,206,55,green
130,152,109,green
255,132,165,red
28,205,238,blue
198,251,208,green
88,82,99,grey
196,206,233,blue
209,158,192,purple
216,254,241,green
58,88,93,green
179,166,84,brown
250,252,155,yellow
180,248,62,green
114,119,116,green
124,205,128,green
74,185,14,yellow
40,106,153,blue
167,250,167,yellow
133,93,40,brown
13,17,10,black
145,32,155,purple
249,232,0,yellow
173,243,255,blue
231,195,171,brown
240,240,245,grey
191,173,31,green
206,131,242,purple
153,255,181,green
213,190,170,brown
225,148,173,red
89,168,223,blue
63,106,88,green
77,137,137,blue
42,46,49,black
168,207,220,blue
16,7,25,black
252,208,83,yellow
255,251,252,white
97,57,32,brown
181,82,188,purple
15,15,12,black
28,35,33,black
204,78,81,red
226,234,241,grey
121,205,40,green
8,4,6,black
133,156,233,blue
19,52,67,blue
193,14,114,purple
207,220,185,green
77,87,106,grey
247,250,18,yellow
55,31,246,blue
192,197,199,grey
194,195,210,grey
103,104,127,grey
28,28,31,black
132,187,188,blue
26,98,97,green
189,238,225,green
46,37,49,black
76,17,57,purple
32,247,32,green
238,164,212,red
224,225,230,grey
59,54,44,black
146,227,37,green
6,0,0,black
142,120,114,brown
183,255,184,green
255,105,153,red
57,190,228,blue
87,53,94,purple
153,200,178,green
220,174,164,brown
217,207,61,yellow
58,69,4,green
247,110,107,red
247,116,168,red
118,229,244,green
63,52,51,black
255,99,153,red
239,238,244,grey
71,255,25,green
34,184,249,blue
190,21,140,purple
154,45,247,purple
185,166,231,purple
107,208,73,green
88,23,41,brown
188,33,190,purple
180,224,149,green
156,205,83,green
13,11,13,black
20,22,27,black
46,205,1,green
250,209,175,yellow
105,47,79,purple
59,51,64,black
101,228,145,green
118,116,103,grey
176,182,177,grey
148,178,172,grey
145,138,130,grey
209,193,189,brown
101,66,67,brown
51,143,95,green
115,63,26,brown
43,176,255,blue
69,21,118,purple
202,218,254,green
132,150,99,green
132,192,158,green
124,103,55,brown
5,14,9,black
19,18,26,black
227,116,190,red
67,235,87,green
228,146,173,red
122,112,119,grey
51,212,158,green
64,68,55,black
36,20,85,blue
207,210,92,green
21,94,67,green
185,197,214,blue
29,40,80,black
167,135,74,brown
119,120,88,brown
199,143,185,red
194,104,65,orange
130,172,172,blue
230,159,249,red
182,174,240,purple
247,213,226,red
111,226,20,green
56,66,80,black
111,26,81,purple
128,70,121,purple
8,14,1,black
140,68,141,purple
194,24,168,purple
24,19,12,black
211,40,236,purple
26,33,29,black
232,233,231,grey
10,219,151,green
47,129,47,green
117,130,107,grey
1,3,1,black
95,149,203,blue
213,159,128,brown
114,238,236,blue
222,106,226,purple
178,105,34,brown
255,9,153,purple
201,218,211,grey
105,100,97,grey
194,241,13,green
0,0,0,black
222,199,205,red
87,86,149,purple
154,17,94,purple
151,179,229,blue
206,223,36,yellow
2,4,1,black
194,59,143,purple
10,213,156,green
225,91,250,purple
225,204,102,brown
19,112,255,blue
243,131,157,purple
152,7,24,red
148,102,134,purple
215,164,206,purple
195,211,205,grey
90,99,253,blue
86,149,1,green
20,19,26,black
58,130,127,blue
89,66,126,purple
228,213,197,grey
195,195,206,grey
66,47,56,brown
50,15,66,purple
244,134,253,red
204,206,216,grey
179,145,142,brown
94,101,93,green
30,23,31,black
241,159,213,red
95,90,252,blue
5,101,255,blue
79,97,55,green
5,171,254,blue
196,244,221,green
163,255,236,blue
254,109,21,orange
194,103,239,purple
137,207,87,green
41,25,210,blue
44,26,49,black
132,131,132,grey
255,219,245,red
204,208,249,purple
174,204,137,green
106,31,182,purple
117,41,221,purple
254,18,56,red
111,63,151,purple
96,154,172,blue
70,46,86,purple
42,36,48,black
106,255,193,green
110,57,67,red
67,111,104,green
162,49,183,purple
95,80,57,brown
254,213,187,white
255,49,40,red
235,192,205,red
58,61,81,blue
119,70,61,brown
163,6,196,purple
55,45,58,green
201,39,255,purple
230,196,2,yellow
201,158,130,brown
224,177,113,brown
255,104,163,red
89,85,66,green
218,195,214,white
116,128,84,green
166,161,186,grey
86,116,144,blue
39,50,97,blue
115,244,105,green
223,236,196,green
255,168,165,red
88,199,19,green
201,138,182,purple
237,209,255,purple
129,50,12,red
129,21,57,purple
112,88,249,purple
146,124,75,brown
92,57,160,purple
13,5,10,black
208,146,102,brown
48,161,219,blue
175,171,171,grey
206,70,157,purple
41,10,70,red
146,132,48,red
125,230,245,orange
139,103,172,yellow
112,201,142,yellow
209,76,250,green
152,246,221,blue
253,250,251,blue
245,208,242,blue
221,98,243,red
13,102,253,red
255,202,232,red
168,248,145,red
236,227,79,red
241,146,134,red
166,49,164,purple
219,236,237,white
168,13,147,purple
162,213,236,blue
255,206,176,orange
220,154,202,purple
153,161,83,yellow
84,29,17,brown
78,49,90,purple
176,103,126,brown
123,72,77,brown
71,73,75,grey
173,200,176,green
164,165,168,grey
227,207,155,yellow
180,255,165,green
105,107,101,green
40,32,14,black
103,36,58,red
222,255,181,green
228,176,121,orange
135,126,54,yellow
72,119,126,blue
32,120,51,green
116,41,89,purple
215,253,161,green
83,96,99,grey
100,83,88,brown
32,32,32,black
5,54,97,blue
43,200,202,blue
192,200,202,grey
142,38,147,purple
56,26,57,black
178,19,8,red
191,132,229,purple
3,5,13,black
12,128,8,green
115,201,180,green
207,97,86,red
83,82,85,grey
72,55,220,blue
225,221,224,grey
67,106,136,blue
148,139,87,brown
8,81,120,blue
55,57,69,black
246,255,209,white
171,179,178,grey
179,40,170,purple
125,129,16,green
94,249,105,green
85,134,77,green
108,21,112,purple
178,146,134,brown
4,222,53,green
142,147,152,grey
101,202,81,green
249,212,64,yellow
16,73,22,black
98,79,108,purple
133,176,223,blue
0,0,0,black
5,3,1,black
255,125,45,orange
30,26,31,black
30,65,187,blue
135,237,105,green
36,163,35,green
188,167,157,black
151,135,141,brown
118,116,173,blue
184,250,226,blue
177,187,126,green
55,6,34,black
2,0,0,black
2,2,1,black
222,163,104,black
1,1,10,black
157,45,231,purple
161,142,125,grey
76,133,65,green
209,53,214,purple
111,115,108,black
197,216,221,grey
140,99,195,purple
149,155,242,blue
81,215,204,blue
7,19,7,black
248,204,225,red
251,143,232,purple
148,11,250,purple
235,216,255,purple
45,43,30,black
227,247,219,green
249,86,83,orange
86,23,15,brown
228,220,226,grey
241,231,100,yellow
149,141,75,green
144,44,152,purple
54,52,123,blue
106,254,114,green
186,133,49,brown
192,228,89,green
229,222,116,yellow
112,222,33,green
72,23,34,purple
24,29,69,blue
248,194,230,red
31,36,34,black
110,185,255,blue
62,144,222,blue
12,21,32,black
243,217,143,yellow
97,20,206,purple
254,35,74,red
149,181,238,blue
85,20,29,brown
5,6,7,red
204,204,204,grey
231,78,233,purple
197,255,202,green
162,140,202,purple
80,245,235,blue
72,51,93,black
236,207,245,red
165,181,164,green
41,40,23,black
161,107,40,brown
225,97,217,purple
242,240,241,grey
137,3,72,red
87,48,182,purple
150,209,114,green
28,40,38,black
86,88,91,grey
54,136,42,green
9,125,81,green
87,87,85,grey
38,50,16,black
184,45,68,red
12,46,38,black
113,125,118,grey
56,61,56,black
213,252,187,green
177,175,112,yellow
31,90,180,blue
11,9,7,black
100,83,103,brown
235,246,242,grey
0,1,1,black
255,215,51,yellow
180,191,75,green
254,249,255,white
69,56,201,purple
105,80,236,purple
68,53,85,purple
54,184,222,blue
72,64,130,purple
130,66,129,purple
229,86,37,orange
25,80,241,blue
201,186,186,grey
50,222,7,orange
167,49,143,red
109,123,214,purple
198,145,246,purple
148,230,102,green
42,40,39,black
87,49,84,brown
94,209,250,blue
48,71,222,blue
203,217,48,green
216,198,196,grey
216,215,222,grey
15,229,33,green
155,89,101,red
7,18,4,black
199,148,150,brown
53,109,26,green
125,241,255,blue
47,253,103,green
180,165,65,yellow
246,207,177,orange
238,132,234,red
88,17,13,red
65,70,55,black
149,84,91,red
178,185,176,grey
89,206,192,blue
172,147,150,brown
45,75,118,blue
4,17,17,black
142,77,139,purple
237,219,147,yellow
123,30,53,red
34,37,30,black
120,81,5,brown
141,250,119,green
159,167,165,grey
191,192,191,grey
68,37,144,purple
212,226,218,grey
141,114,76,black
255,187,139,orange
221,124,250,red
204,148,199,purple
75,96,104,grey
253,138,33,orange
216,163,124,orange
82,244,116,green
190,69,71,red
67,235,9,green
117,127,99,green
44,103,184,blue
55,39,7,brown
74,50,103,purple
250,130,177,red
246,224,254,red
149,116,154,red
88,143,46,green
236,221,195,yellow
97,98,38,green
153,143,154,grey
188,138,47,brown
20,8,55,black
171,64,253,purple
167,183,170,grey
224,228,227,grey
20,61,27,green
2,11,32,black
138,92,190,purple
180,140,227,purple
6,2,1,black
162,119,107,brown
34,3,27,black
255,63,54,red
94,81,151,purple
246,92,166,red
248,171,223,red
255,195,173,orange
38,72,161,blue
150,39,254,purple
144,6,179,purple
142,40,42,red
192,216,142,green
220,116,240,red
90,84,65,brown
226,73,27,orange
207,234,213,green
1,10,9,black
208,230,145,green
252,255,249,white
3,4,2,black
60,212,182,blue
98,102,98,grey
162,152,109,brown
221,254,231,green
112,37,131,purple
39,227,186,blue
176,107,194,purple
65,122,141,blue
7,44,12,black
47,240,79,green
108,96,183,purple
66,120,230,blue
229,189,180,orange
220,230,192,green
202,205,204,grey
8,8,22,black
197,185,207,grey
126,151,141,green
220,240,67,yellow
114,204,201,blue
140,156,252,purple
36,43,26,black
112,162,115,green
246,104,190,red
184,233,223,blue
150,42,226,purple
57,22,38,brown
247,245,229,yellow
182,177,249,purple
44,46,52,black
146,175,197,blue
218,167,146,red
57,49,46,brown
52,63,102,blue
222,38,48,red
7,18,12,black
64,137,226,blue
31,1,49,blue
85,91,150,blue
254,244,235,white
40,90,52,green
69,16,41,purple
129,205,57,green
171,145,251,red
19,20,18,red
128,186,177,red
231,224,18,yellow
118,83,101,purple
250,28,212,purple
198,211,221,grey
170,180,255,purple
108,119,112,green
38,51,51,black
25,25,25,black
29,81,209,blue
225,227,224,grey
206,220,204,green
239,20,208,purple
195,74,157,purple
185,253,216,green
139,206,156,green
205,190,243,purple
153,207,245,blue
255,82,188,purple
156,152,157,grey
80,19,21,brown
151,203,205,green
228,214,233,red
75,34,89,purple
121,233,92,green
161,171,37,green
168,151,133,brown
30,12,137,blue
255,0,166,purple
25,210,221,blue
92,170,127,green
105,110,184,blue
249,237,232,orange
217,237,234,green
58,11,13,purple
153,254,201,green
185,49,93,red
202,254,199,green
142,33,158,purple
12,12,12,black
108,181,70,green
234,226,249,purple
51,28,21,black
216,227,255,purple
137,179,163,green
25,30,26,black
199,252,167,green
166,70,123,purple
121,209,21,green
179,156,114,brown
41,54,62,black
215,30,93,red
235,232,165,yellow
253,112,69,orange
230,221,235,purple
125,15,254,purple
30,27,26,black
154,144,141,grey
74,253,100,green
56,94,71,green
59,24,103,purple
44,3,60,purple
132,131,187,blue
177,36,248,purple
63,89,115,blue
8,52,34,black
86,89,253,blue
14,13,11,black
100,79,125,purple
159,25,237,purple
192,113,252,purple
72,5,214,blue
42,201,251,blue
224,228,216,grey
153,145,105,brown
108,32,131,purple
110,109,121,grey
29,27,142,blue
10,12,3,black
248,171,165,red
68,49,142,blue
222,94,191,purple
255,89,223,purple
216,178,170,brown
4,78,203,blue
254,129,219,orange
192,60,236,orange
220,236,214,orange
43,35,46,red
65,88,30,red
239,226,238,red
251,173,203,red
240,235,241,red
149,69,176,red
35,165,7,red
174,203,99,red
105,162,109,red
194,30,156,red
58,51,65,red
255,202,148,red
203,220,241,blue
2,4,2,black
44,14,25,grey
83,117,76,green
47,54,206,blue
90,133,159,blue
5,26,116,purple
232,255,240,white
219,212,208,grey
244,99,241,purple
72,61,252,blue
173,142,121,brown
30,82,253,red
173,130,254,red
170,58,184,red
255,113,227,orange
253,252,252,orange
164,204,55,orange
145,248,101,green
37,253,67,red
253,103,47,green
69,70,49,green
116,61,31,green
32,247,199,blue
3,5,12,black
39,129,68,green
251,69,128,red
110,97,28,brown
233,230,255,blue
24,91,76,green
172,42,139,purple
19,12,24,black
203,146,84,brown
2,1,4,black
210,247,178,green
0,13,17,black
141,124,195,purple
84,13,59,purple
140,22,154,purple
134,137,255,blue
184,112,40,brown
102,133,238,blue
179,184,179,grey
250,246,128,yellow
65,62,93,purple
174,73,110,red
15,18,20,black
245,81,218,red
229,177,42,yellow
31,42,51,blue
70,84,85,grey
110,25,29,red
77,188,253,blue
131,66,129,purple
175,223,229,blue
154,78,73,brown
15,9,12,black
255,248,243,white
205,203,217,grey
85,51,90,purple
27,16,27,black
26,21,9,black
13,2,35,black
112,210,133,green
172,60,109,purple
241,110,159,purple
250,248,255,white
186,133,27,yellow
122,255,19,green
208,196,175,grey
191,222,173,green
67,45,44,purple
48,28,51,purple
255,206,161,orange
204,76,55,red
79,57,82,purple
88,89,101,grey
177,183,190,grey
183,41,64,red
186,248,171,green
196,102,156,purple
12,19,6,black
131,130,132,grey
212,219,235,grey
32,133,141,green
205,89,242,purple
230,166,168,red
95,46,124,purple
141,141,126,grey
55,115,193,blue
206,111,110,red
62,12,251,blue
188,60,68,red
224,227,107,yellow
60,175,231,blue
175,246,195,green
174,231,174,green
174,238,60,green
169,146,174,purple
216,153,61,orange
20,19,22,black
184,96,220,purple
52,131,44,green
212,213,167,grey
227,164,212,red
126,107,123,grey
174,147,101,brown
131,180,255,blue
254,149,231,red
5,15,7,black
176,191,237,blue
207,209,199,grey
114,81,116,grey
32,48,51,grey
49,164,197,blue
237,43,247,blue
145,119,4,brown
45,3,216,blue
142,140,137,grey
116,0,50,red
255,4,33,red
251,243,22,yellow
58,43,6,grey
244,146,147,red
247,252,226,white
7,13,36,grey
84,8,255,blue
69,179,119,green
73,4,43,red
248,253,243,red
243,24,8,red
223,206,224,purple
253,246,68,yellow
193,255,103,green
191,98,184,purple
220,255,243,blue
136,138,165,grey
254,209,194,red
56,216,72,green
49,46,64,black
71,181,255,blue
7,16,6,black
30,72,8,green
244,249,240,green
24,23,25,black
229,211,191,brown
118,186,1,green
62,58,93,blue
201,107,243,purple
66,51,52,brown
228,215,211,grey
228,119,160,red
238,253,233,green
31,1,1,black
146,173,196,blue
242,223,128,yellow
26,170,95,green
3,241,162,green
216,91,252,purple
73,79,69,green
2,1,1,black
89,16,46,red
127,128,127,grey
136,187,86,green
237,113,133,red
134,182,117,green
204,162,155,brown
67,11,63,purple
229,211,225,purple
135,251,138,green
78,91,85,green
153,211,29,green
120,191,216,blue
19,42,73,blue
135,153,253,blue
158,71,116,purple
228,207,211,brown
213,219,75,yellow
181,44,136,red
61,41,22,brown
99,178,228,blue
34,51,255,blue
0,21,35,black
232,209,228,purple
23,86,137,blue
169,190,194,grey
16,161,165,green
129,128,226,purple
57,105,53,green
170,228,161,green
79,34,253,blue
149,234,74,green
215,205,243,purple
208,215,255,purple
71,50,46,brown
114,130,207,blue
13,60,20,green
50,14,56,black
199,126,187,purple
199,195,197,grey
89,70,49,brown
166,162,167,grey
23,29,38,black
15,2,23,black
112,255,239,blue
111,255,152,green
124,96,178,purple
115,154,47,green
151,6,71,red
92,179,37,green
121,80,233,purple
202,54,188,purple
138,152,46,green
0,0,0,black
127,125,125,grey
34,107,93,green
96,102,94,grey
103,173,104,green
41,25,0,black
51,60,33,green
87,75,153,blue
253,246,254,purple
122,121,96,brown
5,227,255,blue
93,48,111,purple
61,39,53,purple
248,15,215,purple
204,213,184,green
238,242,216,green
198,248,173,green
126,85,136,purple
177,32,237,purple
179,134,168,purple
122,17,255,purple
155,242,107,green
108,111,110,grey
37,106,216,blue
56,83,105,grey
62,85,44,green
203,213,211,grey
54,143,255,blue
192,187,164,brown
129,111,213,purple
74,38,97,purple
243,48,14,red
152,164,174,grey
59,221,136,green
136,236,184,green
13,22,15,black
47,41,35,black
237,232,220,grey
166,153,150,brown
168,182,123,green
175,155,220,red
54,45,54,red
228,218,15,red
124,125,128,red
116,65,18,red
254,174,190,red
141,235,75,red
26,11,32,red
0,0,0,red
249,48,167,red
170,93,191,red
108,132,78,red
155,95,102,red
161,96,233,red
119,13,108,red
38,159,73,red
249,201,190,red
35,205,128,red
47,249,252,red
122,111,241,red
144,194,239,red
138,200,60,red
3,105,60,red
52,12,214,red
10,26,12,red
191,144,253,red
106,80,100,red
180,235,218,red
216,216,215,red
53,61,1,red
25,25,25,red
81,118,43,red
85,198,17,red
171,86,212,red
49,87,66,red
91,29,92,red
20,14,20,red
126,147,132,red
90,235,232,red
121,244,175,red
29,140,73,red
25,57,18,red
166,255,140,red
241,109,112,red
111,102,110,red
45,55,47,red
212,254,211,red
111,158,254,red
11,92,117,red
148,232,236,red
26,91,94,red
105,39,95,red
220,232,228,red
189,187,195,red
84,243,226,red
183,206,196,red
67,23,81,red
9,21,239,red
85,185,111,red
40,87,110,red
81,207,130,red
17,106,139,red
103,51,255,red
14,27,245,red
61,61,26,red
234,202,211,red
48,14,71,purple
6,8,2,purple
176,233,216,blue
16,15,39,black
27,233,105,green
237,239,242,grey
216,16,115,red
58,204,188,green
0,1,83,black
147,155,153,grey
97,238,15,green
73,167,47,green
36,62,19,green
105,52,158,purple
254,214,255,purple
177,242,148,green
128,143,110,green
61,121,49,green
182,201,253,blue
234,46,72,red
105,7,90,purple
220,86,128,red
250,223,224,red
13,75,51,green
60,83,19,green
226,240,246,blue
130,13,191,purple
154,86,211,purple
238,210,228,red
147,183,213,blue
31,68,50,green
12,96,111,green
185,177,160,brown
239,133,202,purple
58,39,16,black
91,98,117,grey
121,173,24,green
81,1,2,brown
38,39,56,grey
20,162,156,green
141,177,242,blue
68,14,26,brown
125,7,237,purple
0,4,6,black
16,54,57,red
88,33,207,red
43,8,27,red
141,68,60,red
29,31,38,red
254,156,160,red
31,53,42,red
44,43,43,red
192,220,255,red
112,127,193,red
239,255,241,orange
60,34,75,orange
180,148,182,red
234,198,243,red
177,165,250,red
215,108,77,red
1,1,1,red
180,189,163,red
150,112,199,red
43,55,146,red
219,163,69,red
247,48,188,red
147,127,188,red
24,22,31,red
252,182,6,red
255,77,201,red
139,99,104,red
220,135,208,red
140,31,90,red
134,69,75,red
107,239,114,red
70,142,251,red
254,76,191,red
254,76,191,red
167,132,29,red
105,228,98,green
14,253,19,green
134,230,108,green
243,204,231,red
59,58,56,black
51,34,67,purple
211,109,114,red
246,228,170,yellow
14,108,123,blue
58,45,83,purple
28,57,102,blue
112,190,165,green
171,179,200,grey
39,64,54,green
3,1,2,black
253,71,9,orange
157,250,142,green
174,27,221,purple
120,38,115,purple
4,30,11,black
145,198,196,blue
35,16,0,black
101,40,96,purple
156,238,255,blue
255,169,169,red
68,75,73,black
205,109,167,purple
51,43,221,blue
156,67,60,red
41,142,65,green
202,11,254,purple
204,173,177,brown
101,236,127,green
67,170,116,green
181,124,120,brown
42,237,17,green
124,106,151,purple
240,188,255,purple
235,255,246,white
157,114,63,brown
239,190,243,purple
56,23,45,black
157,48,142,purple
140,253,140,green
39,204,172,blue
0,18,25,black
217,61,114,red
252,247,193,yellow
65,48,89,black
250,248,247,white
28,85,143,blue
206,218,212,white
225,208,187,brown
75,105,114,blue
77,76,72,black
5,13,13,black
39,255,130,green
101,180,221,blue
213,192,24,yellow
246,45,231,purple
185,191,175,grey
231,254,48,yellow
52,29,161,blue
172,251,194,green
187,197,199,grey
148,136,142,brown
198,180,248,purple
212,96,60,orange
241,58,228,purple
186,167,155,brown
244,219,177,yellow
132,149,134,grey
213,247,103,yellow
43,19,253,blue
141,66,76,red
197,96,184,red
36,31,7,black
75,127,121,green
243,77,156,red
216,254,251,blue
113,213,244,blue
21,35,27,black
208,230,208,green
238,219,191,brown
112,255,82,green
117,132,25,green
36,115,119,blue
170,172,166,grey
255,237,234,red
178,139,163,purple
123,151,122,green
143,192,163,green
239,36,233,red
5,11,3,black
207,231,238,blue
62,46,9,brown
194,83,104,red
120,115,114,grey
27,100,66,green
7,16,11,black
6,18,12,black
44,61,181,blue
0,40,43,grey
46,178,109,green
225,215,188,yellow
1,156,250,blue
226,77,202,red
163,142,8,brown
8,7,9,black
145,112,45,brown
88,207,43,green
42,78,55,green
145,204,88,green
147,161,228,blue
180,255,226,green
234,255,228,green
126,142,157,grey
122,85,106,brown
181,138,66,brown
134,122,227,purple
174,81,54,orange
170,155,162,grey
126,80,35,brown
37,38,38,black
59,60,62,grey
130,38,68,red
255,116,210,red
29,6,43,black
27,19,19,black
67,57,65,grey
4,5,0,black
107,48,101,purple
160,152,226,blue
5,11,15,black
46,22,155,blue
82,34,22,brown
138,201,160,green
24,128,40,green
226,54,222,purple
26,28,21,black
79,83,74,green
109,142,146,blue
21,119,240,blue
17,10,0,black
27,66,11,green
159,12,15,red
107,246,93,green
26,23,255,blue
120,135,252,blue
229,50,122,red
245,87,129,red
125,107,91,brown
149,70,159,purple
207,235,138,green
20,19,19,black
171,171,176,grey
28,40,19,black
57,34,42,brown
217,255,203,green
26,25,24,black
255,246,215,orange
223,249,225,green
96,110,127,grey
93,222,170,green
177,233,225,blue
32,152,140,green
184,183,255,purple
15,50,42,black
213,116,142,red
65,43,48,black
22,4,6,black
62,54,64,black
89,204,239,blue
129,169,144,green
203,198,236,purple
77,172,48,green
154,158,158,grey
233,253,210,green
37,28,58,black
203,244,250,blue
229,216,249,purple
30,153,180,blue
234,188,215,red
244,217,251,purple
224,255,249,blue
90,188,114,green
96,114,135,grey
26,22,27,black
134,70,102,purple
219,33,236,purple
70,53,174,blue
81,64,251,blue
26,73,27,green
255,204,218,red
126,87,66,brown
117,31,140,purple
37,60,45,black
85,54,107,purple
17,112,57,green
73,71,147,purple
149,9,79,red
52,24,95,purple
8,3,5,black
110,104,91,grey
7,17,5,black
60,253,19,green
254,250,247,white
77,141,75,green
82,87,88,grey
29,32,30,black
170,109,214,purple
135,176,195,blue
251,53,226,purple
128,247,213,green
136,248,46,green
64,242,30,green
101,216,232,blue
192,193,196,grey
231,172,94,red
42,44,40,black
140,147,89,green
195,210,180,green
132,63,130,purple
255,245,244,white
102,147,172,blue
154,222,2,green
148,38,67,red
171,0,6,red
15,1,4,black
231,121,173,red
84,52,133,purple
147,204,21,green
218,177,116,brown
20,19,33,grey
91,111,249,blue
33,18,30,black
128,89,144,purple
119,212,183,blue
104,249,94,green
0,0,0,black
187,103,13,brown
198,254,237,blue
182,173,179,grey
114,185,197,brown
114,185,197,blue
143,86,65,brown
89,29,16,brown
187,184,178,grey
217,237,220,green
241,70,53,red
138,99,144,purple
127,153,252,blue
132,190,251,blue
85,117,121,grey
83,233,255,blue
190,167,173,grey
123,114,126,grey
12,5,13,black
130,201,110,green
142,92,247,purple
175,172,177,grey
170,91,75,brown
150,243,154,green
122,145,142,grey
172,189,179,grey
58,13,7,red
236,145,101,orange
196,177,169,blue
185,213,223,blue
71,240,176,blue
225,204,244,green
77,132,154,purple
96,28,19,brown
24,160,209,black
154,87,170,grey
248,208,229,white
150,137,133,brown
57,38,114,purple
69,3,126,blue
214,232,120,green
232,235,232,green
86,104,129,green
119,128,255,blue
164,112,46,brown
185,173,166,grey
236,201,206,red
239,78,230,purple
218,204,245,brown
33,38,30,black
48,240,147,green
112,196,93,green
238,241,240,white
111,238,160,green
7,36,17,black
233,199,167,brown
29,131,188,blue
190,180,197,grey
229,251,6,yellow
20,42,38,black
169,148,154,black
231,254,36,brown
138,104,19,green
233,197,189,purple
74,136,69,red
46,51,63,black
18,197,140,green
224,213,218,purple
185,124,166,purple
251,112,249,purple
140,253,113,green
66,84,231,blue
21,166,13,green
222,138,184,red
189,171,162,grey
135,75,104,red
164,255,241,green
0,9,11,black
38,39,42,black
206,101,141,red
72,76,77,grey
193,57,247,purple
116,119,157,grey
117,122,146,grey
148,87,130,purple
2,1,1,black
14,15,14,black
8,16,200,blue
89,89,126,grey
190,253,146,green
27,66,222,blue
103,165,202,blue
251,242,247,red
150,228,41,green
108,139,187,blue
132,212,206,green
26,45,155,blue
60,255,170,green
70,66,33,brown
118,43,236,purple
161,36,180,purple
255,109,146,red
24,44,44,black
109,109,109,grey
112,221,197,green
194,58,85,red
29,38,31,black
200,204,140,brown
100,10,66,purple
220,255,251,blue
241,95,218,red
37,67,109,purple
111,188,51,green
54,38,36,black
203,198,202,grey
95,34,46,purple
84,123,133,blue
238,247,194,white
17,13,16,black
20,39,72,black
137,146,98,grey
12,45,42,black
13,13,12,black
63,124,49,green
138,106,102,purple
154,156,156,grey
223,254,248,blue
164,226,54,green
124,179,205,blue
105,36,121,blue
241,254,253,white
36,36,38,black
217,255,75,green
162,246,20,green
52,74,55,black
235,156,167,purple
144,117,252,blue
186,121,189,purple
118,240,231,blue
187,250,24,green
163,168,159,grey
39,16,57,purple
176,99,147,purple
213,201,184,grey
168,243,236,blue
59,80,95,purple
254,89,137,red
220,223,232,blue
71,145,29,green
23,20,24,black
227,231,94,yellow
32,129,45,green
46,51,172,blue
198,230,121,green
175,154,114,brown
239,22,134,red
20,241,26,green
255,141,175,red
148,190,250,blue
215,203,106,brown
253,186,255,purple
233,254,24,yellow
164,220,176,green
215,152,186,purple
32,14,28,black
52,13,3,black
106,51,123,purple
19,35,39,black
57,15,17,red
51,34,29,black
28,71,82,blue
34,33,28,black
99,232,215,blue
52,33,112,blue
24,97,235,blue
164,113,135,purple
239,184,198,purple
100,206,235,blue
33,20,19,black
244,190,209,purple
192,241,192,green
58,63,62,black
234,238,252,grey
112,58,53,red
247,90,254,purple
40,54,165,blue
11,45,225,blue
73,254,7,green
232,165,203,purple
72,137,140,green
167,37,213,purple
11,42,81,blue
91,87,88,grey
210,173,215,purple
103,180,3,green
39,117,209,red
166,253,92,green
159,231,242,blue
5,77,10,green
243,232,209,grey
58,60,64,blue
84,79,85,blue
28,24,26,black
105,51,156,purple
63,19,212,blue
38,37,14,black
57,175,250,blue
97,83,134,purple
2,3,3,black
239,27,252,purple
244,234,66,yellow
255,224,190,purple
82,41,134,purple
81,127,132,blue
150,9,71,purple
122,60,76,purple
33,38,43,black
197,243,255,blue
213,209,226,grey
13,34,37,black
117,33,201,purple
255,250,255,white
150,255,68,green
130,127,66,green
15,31,47,black
235,44,20,red
19,17,22,black
214,244,250,blue
54,122,73,green
69,122,162,red
11,253,156,red
170,250,148,red
61,57,68,red
16,43,67,red
4,170,221,red
255,169,36,red
32,32,32,red
40,55,53,red
40,43,151,red
237,169,134,red
20,87,38,green
151,152,152,grey
218,254,237,green
116,183,74,green
19,18,21,black
227,219,200,white
88,94,92,grey
254,55,76,red
61,194,61,green
15,141,169,blue
72,252,61,green
253,81,161,red
128,202,16,green
16,199,123,green
4,11,2,black
28,7,27,purple
202,195,74,yellow
177,180,201,grey
127,107,162,purple
195,111,87,red
183,124,127,orange
11,67,41,red
152,17,226,red
45,14,28,red
255,57,27,red
40,46,76,red
166,183,251,red
245,165,30,red
248,222,255,red
127,253,55,red
50,216,97,red
36,11,245,red
205,223,201,red
151,246,15,green
34,187,112,green
169,236,143,green
246,38,147,red
200,170,157,brown
71,31,95,purple
186,44,225,purple
150,64,8,brown
19,18,18,black
202,217,197,white
169,175,182,grey
128,21,50,brown
130,20,125,purple
5,4,5,black
16,6,81,black
152,148,104,brown
124,28,49,red
255,242,214,yellow
247,252,174,yellow
166,167,109,yellow
56,44,57,black
15,80,72,green
1,36,39,black
7,153,196,blue
2,22,28,black
26,23,22,black
244,159,114,orange
27,53,76,blue
222,168,254,purple
80,155,234,blue
6,58,29,green
37,43,34,black
51,26,25,black
248,131,73,orange
180,184,253,purple
213,253,254,blue
61,54,112,purple
196,27,116,red
144,140,124,grey
151,131,135,brown
14,18,14,black
254,240,224,orange
154,167,163,grey
147,27,109,red
222,219,222,grey
38,5,23,black
242,224,205,orange
76,251,198,green
109,43,97,red
152,51,207,red
35,240,8,red
154,100,240,red
52,62,58,red
163,97,245,red
152,154,119,red
4,0,4,red
61,43,44,red
110,109,110,red
48,65,69,red
15,80,55,red
225,53,91,red
153,192,205,red
63,72,112,red
56,50,43,red
58,33,87,red
182,236,255,red
182,236,255,red
1,0,1,red
13,10,6,red
54,73,67,red
7,15,9,red
113,177,248,red
193,35,189,red
129,244,230,red
231,139,171,red
119,106,150,red
142,142,140,red
159,98,249,red
36,65,16,red
8,151,79,red
32,30,30,red
223,189,225,red
239,146,43,red
69,58,117,red
114,79,89,red
226,255,239,red
249,255,247,red
216,251,248,red
113,69,125,red
237,212,254,orange
159,147,41,orange
100,76,63,orange
84,39,68,orange
18,124,66,orange
242,255,198,orange
167,157,158,grey
136,85,192,purple
223,249,140,green
34,27,32,black
105,13,57,purple
112,183,132,green
96,172,147,green
131,25,173,purple
15,43,7,green
53,228,232,blue
50,43,52,black
194,243,253,blue
96,213,151,green
248,63,244,purple
151,199,4,green
103,101,16,green
62,7,61,purple
53,61,84,blue
64,85,87,grey
122,225,93,green
57,25,217,blue
137,177,7,green
